file,checkpoint,dataset,teacher,student,target,loss_name,model_type,model,epochs,stages,stage_transition_epoch,selection_metric,selection_reason,best_epoch,best_stage,best_epoch_index,best_stage_int,first_train_loss,first_train_ce,first_train_mse,first_train_top1,first_train_top5,first_val_loss,first_val_ce,first_val_mse,first_val_top1,first_val_top5,best_train_loss,best_train_ce,best_train_mse,best_train_top1,best_train_top5,best_val_loss,best_val_ce,best_val_mse,best_val_top1,best_val_top5,final_train_loss,final_train_ce,final_train_mse,final_train_top1,final_train_top5,final_val_loss,final_val_ce,final_val_mse,final_val_top1,final_val_top5,test_loss,test_ce,test_mse,test_top1,test_top5,max_val_loss,min_val_loss,max_val_ce,min_val_ce,max_val_mse,min_val_mse,max_val_top1,min_val_top1,max_val_top5,min_val_top5,val_top1_final_drop,val_loss_reduction,train_loss_reduction,val_mse_increase_from_min,best_gap_top1_train_minus_val,best_gap_loss_val_minus_train,best_gap_mse_val_minus_train,final_gap_top1_train_minus_val,final_gap_loss_val_minus_train,final_gap_mse_val_minus_train,classification_metric_available,val_mse_increase_from_min_pct,val_loss_increase_from_min_pct,warnings,concern_level,vs_baseline_top1
aircraft_convnext_tiny_student_l_postgap_mse.json,checkpoints/students/aircraft_convnext_tiny_student_l_postgap_mse.pt,aircraft,convnext_tiny,student_l,postgap,mse,distilled,student_l distilled,30,,,val_mse,lowest validation MSE for MSE-only distillation,28,,28,,0.6878941773510151,0.0,0.6878941773510151,0.0,0.0,0.5375038726960006,0.0,0.5375038726960006,0.0,0.0,0.22388013053169203,0.0,0.22388013053169203,0.0,0.0,0.22200181468216965,0.0,0.22200181468216965,0.0,0.0,0.2223625024171668,0.0,0.2223625024171668,0.0,0.0,0.22211491804991332,0.0,0.22211491804991332,0.0,0.0,0.22231371289003443,0.0,0.22231371289003443,0.0,0.0,0.5375038726960006,0.22200181468216965,0.0,0.0,0.5375038726960006,0.22200181468216965,0.0,0.0,0.0,0.0,0.0,0.3153889546460873,0.4655316749338483,0.00011310336774367213,0.0,-0.0018783158495223884,-0.0018783158495223884,0.0,-0.00024758436725347277,-0.00024758436725347277,False,0.050947046494010564,0.050947046494010564,,low,
aircraft_convnext_tiny_student_l_postgap_mse_ce.json,checkpoints/students/aircraft_convnext_tiny_student_l_postgap_mse_ce.pt,aircraft,convnext_tiny,student_l,postgap,mse_ce,distilled,student_l distilled,30,,,val_top1,highest validation Top-1,28,,28,,8.085796003221535,6.807789418678764,1.2780065584411575,1.6196760636428622,6.14877024480663,6.665124312485799,5.729308111332145,0.935816207627366,1.7701770177017702,6.960696069606961,3.1394447262013965,2.740444702950508,0.3990000323328202,27.264547090581882,61.96760647870426,3.1723195311903702,2.78441131161456,0.3879082259601063,26.042604260426042,60.336033603360335,3.0893420918515577,2.6849616450611244,0.40438044918606075,27.714457107434104,63.91721655211194,3.227445937047089,2.802732786329666,0.4247131516831149,24.962496249624962,61.536153615361535,3.143210574881722,2.7573379577547446,0.3858726244769653,26.552655265526553,61.386138613861384,6.665124312485799,3.1723195311903702,5.729308111332145,2.78441131161456,0.935816207627366,0.3876053507250063,26.042604260426042,1.17011701170117,61.536153615361535,6.450645064506451,1.08010801080108,3.4376783754387095,4.9964539113699775,0.03710780095810862,1.2219428301558395,0.03287480498897377,-0.011091806372713897,2.7519608578091415,0.13810384519553143,0.020332702497054156,True,9.573603895998698,1.7377318178296328,,low,-9.57095709570957
aircraft_convnext_tiny_student_l_pregap_mse.json,checkpoints/students/aircraft_convnext_tiny_student_l_pregap_mse.pt,aircraft,convnext_tiny,student_l,pregap,mse,distilled,student_l distilled,30,,,val_mse,lowest validation MSE for MSE-only distillation,30,,30,,1.9429842610522237,0.0,1.9429842610522237,0.0,0.0,1.498400203787526,0.0,1.498400203787526,0.0,0.0,0.9847780130691849,0.0,0.9847780130691849,0.0,0.0,1.0053294467883105,0.0,1.0053294467883105,0.0,0.0,0.9847780130691849,0.0,0.9847780130691849,0.0,0.0,1.0053294467883105,0.0,1.0053294467883105,0.0,0.0,0.9980092537571209,0.0,0.9980092537571209,0.0,0.0,1.498400203787526,1.0053294467883105,0.0,0.0,1.498400203787526,1.0053294467883105,0.0,0.0,0.0,0.0,0.0,0.49307075699921543,0.9582062479830388,0.0,0.0,0.0205514337191256,0.0205514337191256,0.0,0.0205514337191256,0.0205514337191256,False,0.0,0.0,,low,
aircraft_convnext_tiny_student_l_pregap_mse_ce.json,checkpoints/students/aircraft_convnext_tiny_student_l_pregap_mse_ce.pt,aircraft,convnext_tiny,student_l,pregap,mse_ce,distilled,student_l distilled,30,,,val_top1,highest validation Top-1,29,,29,,7.395125687730191,4.696032546706449,2.699093124290105,2.9094181163767248,10.677864425970396,6.950967184673942,4.644713494786979,2.306253724580336,2.9702970297029703,14.671467146714672,2.2805675659339872,0.8673800198561286,1.4131875321331608,78.49430113061861,96.7306538600727,3.0317530353041406,1.5695084151726673,1.4622446274635779,55.14551455145514,85.17851785178517,2.270954891815826,0.8579425444914756,1.4130123402447348,78.85422914959244,96.67066585767319,3.0352682313366834,1.5711166580410787,1.464151572830642,54.84548454845485,85.47854785478548,3.0014275950853295,1.543755896342541,1.4576716911960856,55.56555655565557,86.01860186018602,6.950967184673942,3.0317530353041406,4.644713494786979,1.5695084151726673,2.306253724580336,1.4622446274635779,55.14551455145514,2.9702970297029703,85.47854785478548,14.671467146714672,0.3000300030002947,3.915698953337259,5.124170795914365,0.00190694536706415,23.348786579163466,0.7511854693701534,0.04905709533041702,24.008744601137593,0.7643133395208572,0.051139232585907246,True,0.13041219856433695,0.11594598872695318,train-val Top-1 gap 24.0 pp (overfitting),medium,19.53195319531953
aircraft_convnext_tiny_student_m_postgap_mse.json,checkpoints/students/aircraft_convnext_tiny_student_m_postgap_mse.pt,aircraft,convnext_tiny,student_m,postgap,mse,distilled,student_m distilled,30,,,val_mse,lowest validation MSE for MSE-only distillation,30,,30,,0.7083657702680255,0.0,0.7083657702680255,0.0,0.0,0.5655306930338839,0.0,0.5655306930338839,0.0,0.0,0.24732206044042618,0.0,0.24732206044042618,0.0,0.0,0.24390878999801932,0.0,0.24390878999801932,0.0,0.0,0.24732206044042618,0.0,0.24732206044042618,0.0,0.0,0.24390878999801932,0.0,0.24390878999801932,0.0,0.0,0.24435743487457096,0.0,0.24435743487457096,0.0,0.0,0.5655306930338839,0.24390878999801932,0.0,0.0,0.5655306930338839,0.24390878999801932,0.0,0.0,0.0,0.0,0.0,0.3216219030358646,0.46104370982759935,0.0,0.0,-0.003413270442406857,-0.003413270442406857,0.0,-0.003413270442406857,-0.003413270442406857,False,0.0,0.0,,low,
aircraft_convnext_tiny_student_m_postgap_mse_ce.json,checkpoints/students/aircraft_convnext_tiny_student_m_postgap_mse_ce.pt,aircraft,convnext_tiny,student_m,postgap,mse_ce,distilled,student_m distilled,30,,,val_top1,highest validation Top-1,29,,29,,7.863759065146352,6.681145597948739,1.1826134823222467,1.469706057644062,7.588482301250932,7.8408707251893555,6.826282953236005,1.0145878050372366,1.8601860186018602,8.130813081308132,3.195623431008378,2.787096111661457,0.4085273235660867,27.474505097836023,60.527894421115775,3.33930934108559,2.95045162166449,0.38885773630282416,24.752475247524753,56.975697569756974,3.2285426288002896,2.8241584220902247,0.40438422684048775,27.114577084583082,59.748050385345294,3.352966227618703,2.95783804194762,0.39512819185866416,24.422442244224424,56.795679567956796,3.306481787438082,2.9166329259669284,0.389848869554352,24.69246924692469,58.53585358535854,7.8408707251893555,3.33930934108559,6.826282953236005,2.95045162166449,1.0145878050372366,0.3858823591422434,24.752475247524753,1.7101710171017102,57.00570057005701,7.980798079807981,0.33003300330032914,4.487904497570653,4.635216436346063,0.009245832716420765,2.7220298503112694,0.14368591007721188,-0.01966958726326251,2.6921348403586585,0.12442359881841325,-0.009256034981823591,True,2.3960236837394735,0.4089733875530392,,low,9.06090609060906
aircraft_convnext_tiny_student_m_pregap_mse.json,checkpoints/students/aircraft_convnext_tiny_student_m_pregap_mse.pt,aircraft,convnext_tiny,student_m,pregap,mse,distilled,student_m distilled,30,,,val_mse,lowest validation MSE for MSE-only distillation,30,,30,,2.0071863883544245,0.0,2.0071863883544245,0.0,0.0,1.6432934941882098,0.0,1.6432934941882098,0.0,0.0,1.1834579943609438,0.0,1.1834579943609438,0.0,0.0,1.2040576140085857,0.0,1.2040576140085857,0.0,0.0,1.1834579943609438,0.0,1.1834579943609438,0.0,0.0,1.2040576140085857,0.0,1.2040576140085857,0.0,0.0,1.1968037808867786,0.0,1.1968037808867786,0.0,0.0,1.6432934941882098,1.2040576140085857,0.0,0.0,1.6432934941882098,1.2040576140085857,0.0,0.0,0.0,0.0,0.0,0.4392358801796241,0.8237283939934807,0.0,0.0,0.020599619647641898,0.020599619647641898,0.0,0.020599619647641898,0.020599619647641898,False,0.0,0.0,,low,
aircraft_convnext_tiny_student_m_pregap_mse_ce.json,checkpoints/students/aircraft_convnext_tiny_student_m_pregap_mse_ce.pt,aircraft,convnext_tiny,student_m,pregap,mse_ce,distilled,student_m distilled,30,,,val_top1,highest validation Top-1,29,,29,,7.537011382246561,4.801128494718079,2.735882866504168,2.0095980792397428,8.668266344442292,7.233254701641276,4.507080883869637,2.7261738311482593,2.04020402040204,11.071107110711072,3.324066305131918,1.791724162110327,1.532342148527959,53.449310137972404,84.82303538376797,3.7491393704475886,2.163141078395311,1.5859983012084664,40.65406540654065,75.997599759976,3.339687634887421,1.8078800253190177,1.5318076118567638,52.759448108089565,84.49310137972405,3.7554313758097,2.161777388144641,1.5936539937811072,40.17401740174017,76.2076207620762,3.7083216219952684,2.127629674736387,1.5806919528026677,40.564056405640564,76.74767476747675,7.233254701641276,3.7442998163627856,5.1904404182674435,2.1578182738498994,2.7261738311482593,1.58383237836313,40.65406540654065,2.04020402040204,76.2076207620762,11.071107110711072,0.48004800480048004,3.4778233258315763,4.197323747359141,0.009821615417977103,12.795244731431751,0.42507306531567046,0.053656152680507496,12.585430706349392,0.41574374092227906,0.06184638192434333,True,0.6201171002784786,0.29729348590806903,,low,24.962496249624962
aircraft_convnext_tiny_student_s_postgap_mse.json,checkpoints/students/aircraft_convnext_tiny_student_s_postgap_mse.pt,aircraft,convnext_tiny,student_s,postgap,mse,distilled,student_s distilled,30,,,val_mse,lowest validation MSE for MSE-only distillation,30,,30,,0.7305946900734447,0.0,0.7305946900734447,0.0,0.0,0.49204732373495413,0.0,0.49204732373495413,0.0,0.0,0.2650339138064473,0.0,0.2650339138064473,0.0,0.0,0.2633675914732787,0.0,0.2633675914732787,0.0,0.0,0.2650339138064473,0.0,0.2650339138064473,0.0,0.0,0.2633675914732787,0.0,0.2633675914732787,0.0,0.0,0.26327290982589185,0.0,0.26327290982589185,0.0,0.0,0.49204732373495413,0.2633675914732787,0.0,0.0,0.49204732373495413,0.2633675914732787,0.0,0.0,0.0,0.0,0.0,0.22867973226167543,0.4655607762669974,0.0,0.0,-0.0016663223331686017,-0.0016663223331686017,0.0,-0.0016663223331686017,-0.0016663223331686017,False,0.0,0.0,,low,
aircraft_convnext_tiny_student_s_postgap_mse_ce.json,checkpoints/students/aircraft_convnext_tiny_student_s_postgap_mse_ce.pt,aircraft,convnext_tiny,student_s,postgap,mse_ce,distilled,student_s distilled,30,,,val_top1,highest validation Top-1,29,,29,,8.044155547342832,6.876943321376771,1.1672121893522907,1.5296940611877625,6.44871025680423,7.063030283979707,6.098622173294447,0.9644081067867262,1.9201920192019202,7.740774077407741,3.745281526408799,3.321617250036321,0.4236642795547298,17.876424715056988,44.78104379009757,3.904341929458907,3.4590642626779844,0.44527768084604463,14.941494149414941,41.22412241224122,3.78183392085354,3.354595365106666,0.4272385632913128,17.276544689917607,44.991001799640074,3.9025482761584493,3.4495136068992487,0.4530346585829409,14.791479147914792,42.66426642664266,3.9100934661547058,3.462318180131726,0.4477752772602204,15.811581158115812,41.7041704170417,7.967884002202558,3.9025482761584493,6.94757375808725,3.4495136068992487,1.0203102789517462,0.43464585259766897,14.941494149414941,1.9201920192019202,42.66426642664266,7.740774077407741,0.15001500150014913,3.1604820078212574,4.2623216264892925,0.018388805985271928,2.9349305656420466,0.1590604030501077,0.021613401291314838,2.4850655420028147,0.12071435530490948,0.025796095291628074,True,4.230756114517345,0.0,,low,8.16081608160816
aircraft_convnext_tiny_student_s_pregap_mse.json,checkpoints/students/aircraft_convnext_tiny_student_s_pregap_mse.pt,aircraft,convnext_tiny,student_s,pregap,mse,distilled,student_s distilled,30,,,val_mse,lowest validation MSE for MSE-only distillation,27,,27,,2.1188041623223666,0.0,2.1188041623223666,0.0,0.0,1.718281273651581,0.0,1.718281273651581,0.0,0.0,1.3469573812135767,0.0,1.3469573812135767,0.0,0.0,1.3816337164121457,0.0,1.3816337164121457,0.0,0.0,1.3447008020661875,0.0,1.3447008020661875,0.0,0.0,1.3820990687406638,0.0,1.3820990687406638,0.0,0.0,1.3756160841237093,0.0,1.3756160841237093,0.0,0.0,1.718281273651581,1.3816337164121457,0.0,0.0,1.718281273651581,1.3816337164121457,0.0,0.0,0.0,0.0,0.0,0.3361822049109171,0.7741033602561791,0.00046535232851807606,0.0,0.03467633519856905,0.03467633519856905,0.0,0.03739826667447632,0.03739826667447632,False,0.03368130952438772,0.03368130952438772,,low,
aircraft_convnext_tiny_student_s_pregap_mse_ce.json,checkpoints/students/aircraft_convnext_tiny_student_s_pregap_mse_ce.pt,aircraft,convnext_tiny,student_s,pregap,mse_ce,distilled,student_s distilled,30,,,val_top1,highest validation Top-1,29,,29,,7.500815591199998,4.786581697046364,2.7142338895769127,1.9496100779844032,8.608278344331135,7.276708808633396,4.625952390303956,2.65075639314992,2.7002700270027002,11.641164116411641,4.420276589213407,2.819551224328117,1.6007253646707564,28.314337131429305,62.56748650155528,4.635183718195199,2.971520340052804,1.6636633918766786,23.552355235523553,57.00570057005701,4.454331472095931,2.856707956809517,1.5976235038446107,28.284343131373724,60.37792441511698,4.6334418410694065,2.967983278969262,1.6654585540884792,23.462346234623464,57.48574857485749,4.594908211133232,2.9368436249962735,1.6580646042705047,24.152415241524153,57.57575757575758,7.276708808633396,4.6334418410694065,4.762815075595923,2.967983278969262,2.65075639314992,1.6616074938764094,23.552355235523553,2.7002700270027002,57.48574857485749,11.641164116411641,0.09000900090008912,2.6432669675639895,3.0464841191040666,0.0038510602120698234,4.761981895905752,0.21490712898179165,0.06293802720592212,4.82199689675026,0.17911036897347543,0.06783505024386849,True,0.23176714273751742,0.0,,low,16.771677167716774
aircraft_convnext_tiny_teacher.json,checkpoints/teachers/aircraft_convnext_tiny_classifier.pt,aircraft,convnext_tiny,,,,teacher,convnext_tiny,45,"1,2",30.5,val_top1,highest validation Top-1,13,2.0,43,2.0,4.478263136435213,,,3.359328134373125,14.097180559310502,4.273831289235872,,,7.860786078607861,23.222322232223224,0.7316633466123891,,,83.20335932355765,96.5506898620276,1.4429646594063712,,,58.83588358835883,87.66876687668767,0.6897214253147562,,,83.98320335017469,96.94061187762448,1.4481844703267008,,,58.715871587158716,87.48874887488749,1.4309402440640793,,,58.68586858685869,87.998799879988,4.273831289235872,1.4429646594063712,,,,,58.83588358835883,7.860786078607861,87.66876687668767,23.222322232223224,0.12001200120011646,2.8256468189091715,3.7885417111204562,,24.367475735198816,0.7113013127939821,,25.267331763015974,0.7584630450119446,,True,,0.36174211795852595,train-val Top-1 gap 25.3 pp (overfitting),medium,
aircraft_resnet50_student_l_postgap_mse.json,checkpoints/students/aircraft_resnet50_student_l_postgap_mse.pt,aircraft,resnet50,student_l,postgap,mse,distilled,student_l distilled,30,,,val_mse,lowest validation MSE for MSE-only distillation,29,,29,,0.12935868088864394,0.0,0.12935868088864394,0.0,0.0,0.11038959420437287,0.0,0.11038959420437287,0.0,0.0,0.08727800381723534,0.0,0.08727800381723534,0.0,0.0,0.08575526858964125,0.0,0.08575526858964125,0.0,0.0,0.0872503248388065,0.0,0.0872503248388065,0.0,0.0,0.08575609386047729,0.0,0.08575609386047729,0.0,0.0,0.086059950149045,0.0,0.086059950149045,0.0,0.0,0.11038959420437287,0.08575526858964125,0.0,0.0,0.11038959420437287,0.08575526858964125,0.0,0.0,0.0,0.0,0.0,0.02463350034389558,0.04210835604983744,8.252708360440009e-07,0.0,-0.0015227352275940936,-0.0015227352275940936,0.0,-0.0014942309783292085,-0.0014942309783292085,False,0.0009623558407741829,0.0009623558407741829,,low,
aircraft_resnet50_student_l_postgap_mse_ce.json,checkpoints/students/aircraft_resnet50_student_l_postgap_mse_ce.pt,aircraft,resnet50,student_l,postgap,mse_ce,distilled,student_l distilled,30,,,val_top1,highest validation Top-1,28,,28,,10.372313392469822,9.909378949367293,0.462934456296359,1.1097780443911218,6.208758247206149,7.324669240796455,7.112275845647538,0.2123933869897157,1.3801380138013801,5.9105910591059105,4.334982622291918,4.183105249067374,0.15187737748840288,6.868626274745051,21.445710857828434,4.353320545381946,4.189869768512954,0.16345077234007666,6.960696069606961,20.912091209120913,4.304771653892183,4.152674994786199,0.15209666068817085,7.588482303539292,22.765446909473695,4.401436890562912,4.234984655692132,0.16645223705252835,6.960696069606961,20.792079207920793,4.3517608346432635,4.187206012795646,0.16455481467646163,6.960696069606961,21.45214521452145,7.340171956744167,4.353320545381946,7.112275845647538,4.189869768512954,0.23933024696408897,0.1627150329202637,6.960696069606961,1.08010801080108,21.512151215121513,5.1305130513051305,0.0,2.923232350233543,6.067541738577639,0.0037372041322646377,-0.09206979486191003,0.01833792309002824,0.011573394851673774,0.6277862339323317,0.09666523667072902,0.014355576364357497,True,2.296778647425898,1.1052791697594666,,low,-28.65286528652865
aircraft_resnet50_student_l_pregap_mse.json,checkpoints/students/aircraft_resnet50_student_l_pregap_mse.pt,aircraft,resnet50,student_l,pregap,mse,distilled,student_l distilled,30,,,val_mse,lowest validation MSE for MSE-only distillation,29,,29,,1.3076542044515445,0.0,1.3076542044515445,0.0,0.0,1.3034380607479084,0.0,1.3034380607479084,0.0,0.0,1.0243615459094308,0.0,1.0243615459094308,0.0,0.0,1.0474923970353807,0.0,1.0474923970353807,0.0,0.0,1.0290001789538104,0.0,1.0290001789538104,0.0,0.0,1.0474963106266415,0.0,1.0474963106266415,0.0,0.0,1.0454244057480508,0.0,1.0454244057480508,0.0,0.0,1.3034380607479084,1.0474923970353807,0.0,0.0,1.3034380607479084,1.0474923970353807,0.0,0.0,0.0,0.0,0.0,0.25594175012126685,0.2786540254977341,3.913591260840121e-06,0.0,0.023130851125949814,0.023130851125949814,0.0,0.01849613167283115,0.01849613167283115,False,0.00037361524264198874,0.00037361524264198874,,low,
aircraft_resnet50_student_l_pregap_mse_ce.json,checkpoints/students/aircraft_resnet50_student_l_pregap_mse_ce.pt,aircraft,resnet50,student_l,pregap,mse_ce,distilled,student_l distilled,30,,,val_top1,highest validation Top-1,29,,29,,7.294952742411265,5.719688776802287,1.575264013879086,2.0995800839832035,8.308338332333534,6.539392230534317,4.916401650073683,1.6229905989518438,2.28022802280228,10.861086108610861,2.3692935735934784,0.9209007046933508,1.44839287748148,75.5848830188186,94.93101379724055,3.3039387966325395,1.7906155087033657,1.5133232852198717,51.81518151815182,82.17821782178218,2.3374358299040265,0.8805664304351121,1.4568694042601698,76.66466706658669,95.26094781043791,3.323616305879741,1.801823954699528,1.5217923591918785,51.66516651665167,81.81818181818181,3.2798738299351786,1.7603806044438062,1.519493235398655,51.87518751875187,83.1983198319832,6.539392230534317,3.3039387966325395,4.916401650073683,1.7906155087033657,1.6229905989518438,1.4712828016481418,51.81518151815182,2.28022802280228,82.17821782178218,10.201020102010201,0.1500150015001509,3.2157759246545763,4.957516912507239,0.05050955754373665,23.769701500666784,0.9346452230390612,0.06493040773839165,24.99950054993502,0.9861804759757145,0.06492295493170874,True,3.4330284760452217,0.5955772929951758,train-val Top-1 gap 25.0 pp (overfitting),medium,16.201620162016205
aircraft_resnet50_student_m_postgap_mse.json,checkpoints/students/aircraft_resnet50_student_m_postgap_mse.pt,aircraft,resnet50,student_m,postgap,mse,distilled,student_m distilled,30,,,val_mse,lowest validation MSE for MSE-only distillation,29,,29,,0.13485113123289896,0.0,0.13485113123289896,0.0,0.0,0.11689302923664688,0.0,0.11689302923664688,0.0,0.0,0.08886283226691111,0.0,0.08886283226691111,0.0,0.0,0.08801122362052861,0.0,0.08801122362052861,0.0,0.0,0.0891478230844877,0.0,0.0891478230844877,0.0,0.0,0.08806496893245466,0.0,0.08806496893245466,0.0,0.0,0.0883236885218337,0.0,0.0883236885218337,0.0,0.0,0.11689302923664688,0.08801122362052861,0.0,0.0,0.11689302923664688,0.08801122362052861,0.0,0.0,0.0,0.0,0.0,0.028828060304192216,0.04570330814841127,5.374531192604837e-05,0.0,-0.0008516086463824929,-0.0008516086463824929,0.0,-0.0010828541520330331,-0.0010828541520330331,False,0.061066429615588565,0.061066429615588565,,low,
aircraft_resnet50_student_m_postgap_mse_ce.json,checkpoints/students/aircraft_resnet50_student_m_postgap_mse_ce.pt,aircraft,resnet50,student_m,postgap,mse_ce,distilled,student_m distilled,30,,,val_top1,highest validation Top-1,30,,30,,9.954192443028424,9.590633298511197,0.3635591248695051,0.9598080383923215,5.698860225666048,10.53173490790966,10.179065886324961,0.3526689642243939,1.3201320132013201,5.6705670567056705,3.720698030250975,3.567491134627536,0.1532068963206737,13.407318535148562,39.112177563342925,3.714883979361872,3.5517126908718626,0.16317128067505884,13.111311131113112,40.5040504050405,3.720698030250975,3.567491134627536,0.1532068963206737,13.407318535148562,39.112177563342925,3.714883979361872,3.5517126908718626,0.16317128067505884,13.111311131113112,40.5040504050405,3.697881097304295,3.534334372157919,0.16354672346535726,14.281428142814281,40.384038403840385,10.53173490790966,3.7087999307247315,10.179065886324961,3.5466911438668127,0.3526689642243939,0.16210878800244222,13.111311131113112,1.02010201020102,40.5040504050405,5.1005100510051005,0.0,6.8168509285477885,6.233494412777448,0.0010624926726166273,0.2960074040354499,-0.0058140508891031395,0.009964384354385153,0.2960074040354499,-0.0058140508891031395,0.009964384354385153,True,0.6554195399947229,0.16404359228812973,,low,-2.5802580258025802
aircraft_resnet50_student_m_pregap_mse.json,checkpoints/students/aircraft_resnet50_student_m_pregap_mse.pt,aircraft,resnet50,student_m,pregap,mse,distilled,student_m distilled,30,,,val_mse,lowest validation MSE for MSE-only distillation,30,,30,,1.326751805381569,0.0,1.326751805381569,0.0,0.0,1.345855994300373,0.0,1.345855994300373,0.0,0.0,1.1100685598611402,0.0,1.1100685598611402,0.0,0.0,1.134419971709848,0.0,1.134419971709848,0.0,0.0,1.1100685598611402,0.0,1.1100685598611402,0.0,0.0,1.134419971709848,0.0,1.134419971709848,0.0,0.0,1.133073941923783,0.0,1.133073941923783,0.0,0.0,1.345855994300373,1.134419971709848,0.0,0.0,1.345855994300373,1.134419971709848,0.0,0.0,0.0,0.0,0.0,0.21143602259052496,0.21668324552042884,0.0,0.0,0.024351411848707816,0.024351411848707816,0.0,0.024351411848707816,0.024351411848707816,False,0.0,0.0,,low,
aircraft_resnet50_student_m_pregap_mse_ce.json,checkpoints/students/aircraft_resnet50_student_m_pregap_mse_ce.pt,aircraft,resnet50,student_m,pregap,mse_ce,distilled,student_m distilled,30,,,val_top1,highest validation Top-1,29,,29,,7.342899435211529,5.790866607238092,1.5520328432768493,1.4697060587882425,6.50869825920375,6.484576990108679,4.908382146808431,1.5761948578213916,2.28022802280228,9.030903090309032,3.2032642257235047,1.7559931561413396,1.4472710707263454,54.949010197960405,83.71325734395357,3.7650998769634807,2.2449147572862183,1.5201851156714297,39.24392439243925,73.8973897389739,3.1735850579022076,1.7294166382730687,1.444168407043155,54.10917816207876,83.2933413225802,3.7676039081845882,2.247942408569718,1.5196615133491538,39.033903390339034,74.25742574257426,3.7184890524746597,2.194118468853721,1.524370569707823,40.65406540654065,75.12751275127513,6.484576990108679,3.7650998769634807,4.908382146808431,2.2449147572862183,1.5761948578213916,1.496567264176903,39.24392439243925,2.28022802280228,74.25742574257426,9.030903090309032,0.21002100210021268,2.716973081924091,4.1693143773093215,0.02309424917225078,15.705085805521158,0.561835651239976,0.07291404494508424,15.075274771739728,0.5940188502823807,0.0754931063059987,True,1.543148091305631,0.0665063690986869,train-val Top-1 gap 15.1 pp (overfitting),medium,23.552355235523557
aircraft_resnet50_student_s_postgap_mse.json,checkpoints/students/aircraft_resnet50_student_s_postgap_mse.pt,aircraft,resnet50,student_s,postgap,mse,distilled,student_s distilled,30,,,val_mse,lowest validation MSE for MSE-only distillation,30,,30,,0.1381063776891891,0.0,0.1381063776891891,0.0,0.0,0.11651364165117102,0.0,0.11651364165117102,0.0,0.0,0.08966050469542808,0.0,0.08966050469542808,0.0,0.0,0.08871180093613895,0.0,0.08871180093613895,0.0,0.0,0.08966050469542808,0.0,0.08966050469542808,0.0,0.0,0.08871180093613895,0.0,0.08871180093613895,0.0,0.0,0.08918662804036108,0.0,0.08918662804036108,0.0,0.0,0.11651364165117102,0.08871180093613895,0.0,0.0,0.11651364165117102,0.08871180093613895,0.0,0.0,0.0,0.0,0.0,0.02780184071503207,0.04844587299376102,0.0,0.0,-0.0009487037592891268,-0.0009487037592891268,0.0,-0.0009487037592891268,-0.0009487037592891268,False,0.0,0.0,,low,
aircraft_resnet50_student_s_postgap_mse_ce.json,checkpoints/students/aircraft_resnet50_student_s_postgap_mse_ce.pt,aircraft,resnet50,student_s,postgap,mse_ce,distilled,student_s distilled,30,,,val_top1,highest validation Top-1,28,,28,,10.337524324816433,9.99914024401083,0.3383840647870792,1.169766046790642,5.668866226754649,7.695193373402281,7.480654730225983,0.21453865168869335,1.4701470147014701,6.870687068706871,3.621681218527718,3.4667774239341584,0.15490379002577684,16.466706658668265,43.101379722911005,3.658271317863979,3.4978785750889543,0.1603927392341552,15.451545154515452,42.244224422442244,3.6205108262996295,3.465920195010299,0.1545906370549268,16.976604677920008,43.55128974205159,3.6482083493440745,3.48689127655098,0.16131707512684995,15.061506150615061,43.05430543054305,3.6379136757345627,3.4766009194408136,0.16131275557842192,15.481548154815481,42.634263426342635,7.695193373402281,3.6482083493440745,7.480654730225983,3.48689127655098,0.21453865168869335,0.15008100808704003,15.451545154515452,1.3801380138013801,43.05430543054305,6.480648064806481,0.3900390039003909,4.046985024058207,6.717013498516804,0.011236067039809922,1.0151615041528128,0.03659009933626134,0.005488949208378363,1.9150985273049468,0.02769752304444495,0.006726438071923163,True,7.486668155436112,0.0,,low,8.670867086708672
aircraft_resnet50_student_s_pregap_mse.json,checkpoints/students/aircraft_resnet50_student_s_pregap_mse.pt,aircraft,resnet50,student_s,pregap,mse,distilled,student_s distilled,30,,,val_mse,lowest validation MSE for MSE-only distillation,30,,30,,1.3487670930760596,0.0,1.3487670930760596,0.0,0.0,1.3688580949063993,0.0,1.3688580949063993,0.0,0.0,1.2066777675682439,0.0,1.2066777675682439,0.0,0.0,1.232986261134315,0.0,1.232986261134315,0.0,0.0,1.2066777675682439,0.0,1.2066777675682439,0.0,0.0,1.232986261134315,0.0,1.232986261134315,0.0,0.0,1.2333731812612452,0.0,1.2333731812612452,0.0,0.0,1.3688580949063993,1.232986261134315,0.0,0.0,1.3688580949063993,1.232986261134315,0.0,0.0,0.0,0.0,0.0,0.13587183377208434,0.14208932550781572,0.0,0.0,0.026308493566071123,0.026308493566071123,0.0,0.026308493566071123,0.026308493566071123,False,0.0,0.0,,low,
aircraft_resnet50_student_s_pregap_mse_ce.json,checkpoints/students/aircraft_resnet50_student_s_pregap_mse_ce.pt,aircraft,resnet50,student_s,pregap,mse_ce,distilled,student_s distilled,30,,,val_top1,highest validation Top-1,30,,30,,7.505300385121035,5.943588430465304,1.5617119683858944,1.349730053989202,6.65866826520255,6.6880838827367235,5.103801371348072,1.5842825014456021,1.5301530153015301,7.260726072607261,4.111169196061911,2.6744296822493565,1.4367395250398238,33.32333533178923,66.55668866226755,4.455679950648301,2.9481923903855267,1.5074875636963454,27.032703270327033,58.2958295829583,4.111169196061911,2.6744296822493565,1.4367395250398238,33.32333533178923,66.55668866226755,4.455679950648301,2.9481923903855267,1.5074875636963454,27.032703270327033,58.2958295829583,4.42639615819721,2.916974119906879,1.5094220213013085,25.89258925892589,58.985898589858984,6.6880838827367235,4.455679950648301,5.103801371348072,2.9481923903855267,1.5842825014456021,1.4975908762908647,27.032703270327033,1.5301530153015301,58.2958295829583,7.260726072607261,0.0,2.232403932088422,3.3941311890591237,0.009896687405480664,6.2906320614621976,0.34451075458639036,0.07074803865652157,6.2906320614621976,0.34451075458639036,0.07074803865652157,True,0.6608405247494652,0.0,,low,20.25202520252025
aircraft_resnet50_teacher.json,checkpoints/teachers/aircraft_resnet50_classifier.pt,aircraft,resnet50,,,,teacher,resnet50,45,"1,2",30.5,val_top1,highest validation Top-1,15,2.0,45,2.0,4.432919470507296,,,6.1787642471505695,18.776244748761428,4.095367642089908,,,15.241524152415241,36.48364836483648,0.2704679024348233,,,94.12117576484702,98.92021595680863,1.8532258645571855,,,53.10531053105311,82.35823582358236,0.2704679024348233,,,94.12117576484702,98.92021595680863,1.8532258645571855,,,53.10531053105311,82.35823582358236,1.846227825707299,,,53.73537353735374,82.65826582658266,4.095367642089908,1.7763847835493847,,,,,53.10531053105311,15.241524152415241,82.41824182418242,36.48364836483648,0.0,2.2421417775327224,4.162451568072473,,41.01586523379392,1.5827579621223622,,41.01586523379392,1.5827579621223622,,True,,4.3257002491467595,train-val Top-1 gap 41.0 pp (overfitting),medium,
aircraft_student_l_baseline.json,checkpoints/students/aircraft_student_l_baseline.pt,aircraft,,student_l,,ce,baseline,student_l baseline,30,,,val_top1,highest validation Top-1,30,,30,,4.708972072772945,,,1.1097780443911218,5.698860227954409,4.652953185943594,,,1.5301530153015301,6.810681068106811,2.202876115603295,,,45.50089981774763,76.06478703343804,2.450056757649394,,,35.61356135613561,69.51695169516951,2.202876115603295,,,45.50089981774763,76.06478703343804,2.450056757649394,,,35.61356135613561,69.51695169516951,2.4224915732644967,,,35.64356435643565,69.33693369336933,4.652953185943594,2.450056757649394,,,,,35.61356135613561,1.5301530153015301,69.72697269726973,6.810681068106811,0.0,2.2028964282942,2.50609595716965,,9.887338461612018,0.2471806420460987,,9.887338461612018,0.2471806420460987,,True,,0.0,,low,0.0
aircraft_student_m_baseline.json,checkpoints/students/aircraft_student_m_baseline.pt,aircraft,,student_m,,ce,baseline,student_m baseline,30,,,val_top1,highest validation Top-1,30,,30,,4.642554692186563,,,1.3197360527894422,5.8188362327534495,4.540237422179718,,,2.34023402340234,8.370837083708372,3.306091125524895,,,20.18596280515015,50.23995200959808,3.402356824894907,,,15.691569156915692,44.04440444044405,3.306091125524895,,,20.18596280515015,50.23995200959808,3.402356824894907,,,15.691569156915692,44.04440444044405,3.3759054369372787,,,16.471647164716472,44.644464446444644,4.540237422179718,3.3967909609058973,,,,,15.691569156915692,1.9501950195019502,44.61446144614462,8.370837083708372,0.0,1.137880597284811,1.336463566661668,,4.494393648234459,0.09626569937001239,,4.494393648234459,0.09626569937001239,,True,,0.16385653556748636,,low,0.0
aircraft_student_s_baseline.json,checkpoints/students/aircraft_student_s_baseline.pt,aircraft,,student_s,,ce,baseline,student_s baseline,30,,,val_top1,highest validation Top-1,25,,25,,4.619355620777243,,,1.259748050389922,5.938812236408309,4.554021808287778,,,2.1002100210021,8.610861086108612,4.1200318772705575,,,7.948410315648052,25.34493101150888,4.18374017577539,,,6.780678067806781,22.142214221422144,4.088404023582949,,,8.668266346730654,26.364727052300722,4.17913871450965,,,6.360636063606361,23.01230123012301,4.168282624446984,,,7.230723072307231,23.25232523252325,4.554021808287778,4.174445691639477,,,,,6.780678067806781,2.1002100210021,23.01230123012301,8.610861086108612,0.42004200420042004,0.374883093778128,0.530951597194294,,1.167732247841271,0.0637082985048325,,2.3076302831242934,0.09073469092670106,,True,,0.11242265960177773,,low,0.0
food101_convnext_tiny_student_l_postgap_mse.json,checkpoints/students/food101_convnext_tiny_student_l_postgap_mse.pt,food101,convnext_tiny,student_l,postgap,mse,distilled,student_l distilled,30,,,val_mse,lowest validation MSE for MSE-only distillation,29,,29,,0.04477548981897552,0.0,0.04477548981897552,0.0,0.0,0.04584198187434241,0.0,0.04584198187434241,0.0,0.0,0.03181855912436091,0.0,0.03181855912436091,0.0,0.0,0.03310206423006436,0.0,0.03310206423006436,0.0,0.0,0.03181551976227087,0.0,0.03181551976227087,0.0,0.0,0.03311214225372859,0.0,0.03311214225372859,0.0,0.0,0.032613142213018816,0.0,0.032613142213018816,0.0,0.0,0.04584198187434241,0.03310206423006436,0.0,0.0,0.04584198187434241,0.03310206423006436,0.0,0.0,0.0,0.0,0.0,0.012729839620613817,0.01295997005670465,1.0078023664233937e-05,0.0,0.0012835051057034502,0.0012835051057034502,0.0,0.001296622491457719,0.001296622491457719,False,0.030445302728525168,0.030445302728525168,,low,
food101_convnext_tiny_student_l_postgap_mse_ce.json,checkpoints/students/food101_convnext_tiny_student_l_postgap_mse_ce.pt,food101,convnext_tiny,student_l,postgap,mse_ce,distilled,student_l distilled,30,,,val_top1,highest validation Top-1,29,,29,,8.732401360049106,8.626229657458873,0.1061716918357681,1.8628529519618628,7.914924825815915,4.504948135099002,4.451441203485621,0.05350693254138377,4.462046202606101,14.415841587179958,2.779160847955892,2.7353520435547276,0.04380880522594637,34.81334800090727,62.36010267693436,2.4991384032063753,2.4514725716672716,0.047665839344754865,40.58085808077268,68.07920792079207,2.7623789035054322,2.718739042449968,0.043639862288594206,34.935093509350935,62.386505316918615,2.495369143855847,2.447770773805801,0.04759836880188964,40.44884488549563,68.07920792079207,2.274885392698911,2.2271695691760223,0.047715825792291375,44.17029702970297,72.46336633663367,4.504948135099002,2.495369143855847,4.451441203485621,2.447770773805801,0.05350693254138377,0.04759836880188964,40.58085808077268,4.462046202606101,68.07920792079207,14.415841587179958,0.1320131952770467,2.009578991243155,5.970022456543674,0.0,-5.76751007986541,-0.28002244474951654,0.003857034118808493,-5.513751376144697,-0.2670097596495853,0.0039585065132954345,True,0.0,0.0,,low,-24.07920792582798
food101_convnext_tiny_student_l_pregap_mse.json,checkpoints/students/food101_convnext_tiny_student_l_pregap_mse.pt,food101,convnext_tiny,student_l,pregap,mse,distilled,student_l distilled,30,,,val_mse,lowest validation MSE for MSE-only distillation,30,,30,,0.2921652614252883,0.0,0.2921652614252883,0.0,0.0,0.2999481156399541,0.0,0.2999481156399541,0.0,0.0,0.2571534255928376,0.0,0.2571534255928376,0.0,0.0,0.26949328874990885,0.0,0.26949328874990885,0.0,0.0,0.2571534255928376,0.0,0.2571534255928376,0.0,0.0,0.26949328874990885,0.0,0.26949328874990885,0.0,0.0,0.267015220292724,0.0,0.267015220292724,0.0,0.0,0.2999481156399541,0.26949328874990885,0.0,0.0,0.2999481156399541,0.26949328874990885,0.0,0.0,0.0,0.0,0.0,0.03045482689004525,0.03501183583245071,0.0,0.0,0.012339863157071251,0.012339863157071251,0.0,0.012339863157071251,0.012339863157071251,False,0.0,0.0,,low,
food101_convnext_tiny_student_l_pregap_mse_ce.json,checkpoints/students/food101_convnext_tiny_student_l_pregap_mse_ce.pt,food101,convnext_tiny,student_l,pregap,mse_ce,distilled,student_l distilled,30,,,val_top1,highest validation Top-1,29,,29,,4.901476320085571,4.579292357336001,0.3221839629406015,5.107444077741108,17.50788412160562,4.307709771304241,3.9796430512229994,0.32806672029762773,10.336633661855565,29.108910887563976,1.4232874625009804,1.1022585889320038,0.3210288736668969,70.37623762264329,90.46571323687138,1.8768331769512039,1.5346336457133294,0.34219953319813945,62.93069306930693,85.41254125412541,1.4228510598949256,1.1012510252130046,0.3216000355072497,70.63879721249509,90.43344334433444,1.861777833255604,1.5214957983290205,0.3402820328202578,62.45544554455446,85.28052805280528,1.5768659745112503,1.2353213621554988,0.34154461085442267,68.37623762376238,89.37029702970297,4.307709771304241,1.8580520247862284,3.9796430512229994,1.5189215997446686,0.34219953319813945,0.32275418362995184,62.93069306930693,10.336633661855565,85.41254125412541,29.108910887563976,0.47524752475247567,2.445931938048637,3.4786252601906456,0.017527849190305977,7.4455445533363545,0.4535457144502235,0.02117065953124253,8.183351667940634,0.43892677336067853,0.018681997313008125,True,5.430711693082878,0.20052228999369953,,low,-1.729372937293725
food101_convnext_tiny_student_m_postgap_mse.json,checkpoints/students/food101_convnext_tiny_student_m_postgap_mse.pt,food101,convnext_tiny,student_m,postgap,mse,distilled,student_m distilled,30,,,val_mse,lowest validation MSE for MSE-only distillation,30,,30,,0.04470796939290221,0.0,0.04470796939290221,0.0,0.0,0.04576215875424174,0.0,0.04576215875424174,0.0,0.0,0.033778543849873555,0.0,0.033778543849873555,0.0,0.0,0.03529972163265688,0.0,0.03529972163265688,0.0,0.0,0.033778543849873555,0.0,0.033778543849873555,0.0,0.0,0.03529972163265688,0.0,0.03529972163265688,0.0,0.0,0.034890575359068296,0.0,0.034890575359068296,0.0,0.0,0.04576215875424174,0.03529972163265688,0.0,0.0,0.04576215875424174,0.03529972163265688,0.0,0.0,0.0,0.0,0.0,0.010462437121584865,0.010929425543028656,0.0,0.0,0.0015211777827833228,0.0015211777827833228,0.0,0.0015211777827833228,0.0015211777827833228,False,0.0,0.0,,low,
food101_convnext_tiny_student_m_postgap_mse_ce.json,checkpoints/students/food101_convnext_tiny_student_m_postgap_mse_ce.pt,food101,convnext_tiny,student_m,postgap,mse_ce,distilled,student_m distilled,30,,,val_top1,highest validation Top-1,27,,27,,8.688124878284999,8.588197624477923,0.09992725843944128,2.4686468646864688,10.027136046868083,4.4201132803309475,4.366621391246028,0.05349187712612325,4.079207920792079,16.62046204519744,2.908888370827261,2.865157541660411,0.04373083050407505,32.72607260712084,59.96186285267219,2.658262093027826,2.6099573708603483,0.048304721334389726,38.006600655030105,65.54455446148863,2.8729541406047443,2.829175243213319,0.04377889673975216,33.23799046571324,60.670333699477126,2.624612266773438,2.57674354371458,0.04786871861014823,37.7953795218389,65.84818480740286,2.4310687356136813,2.383193537381616,0.047875202184561455,41.386138613861384,69.98019801980197,11.398969392918124,2.624612266773438,11.345490870648879,2.57674354371458,0.0556993168592453,0.04774212856349772,38.006600655030105,1.3465346534653466,65.993399328855,16.62046204519744,0.21122113319120217,1.7955010135575096,5.815170737680255,0.00012659004665050572,-5.2805280479092644,-0.250626277799435,0.004573890830314675,-4.557389056125665,-0.24834187383130635,0.004089821870396068,True,0.26515375509941735,0.0,,low,-15.867986803715766
food101_convnext_tiny_student_m_pregap_mse.json,checkpoints/students/food101_convnext_tiny_student_m_pregap_mse.pt,food101,convnext_tiny,student_m,pregap,mse,distilled,student_m distilled,30,,,val_mse,lowest validation MSE for MSE-only distillation,29,,29,,0.2937081852643797,0.0,0.2937081852643797,0.0,0.0,0.30606262578035737,0.0,0.30606262578035737,0.0,0.0,0.2714619516653152,0.0,0.2714619516653152,0.0,0.0,0.28431703255121465,0.0,0.28431703255121465,0.0,0.0,0.27143304691150333,0.0,0.27143304691150333,0.0,0.0,0.2843271518068345,0.0,0.2843271518068345,0.0,0.0,0.2822874652607606,0.0,0.2822874652607606,0.0,0.0,0.30606262578035737,0.28431703255121465,0.0,0.0,0.30606262578035737,0.28431703255121465,0.0,0.0,0.0,0.0,0.0,0.02173547397352288,0.022275138352876367,1.0119255619833734e-05,0.0,0.012855080885899428,0.012855080885899428,0.0,0.01289410489533116,0.01289410489533116,False,0.003559145060368808,0.003559145060368808,,low,
food101_convnext_tiny_student_m_pregap_mse_ce.json,checkpoints/students/food101_convnext_tiny_student_m_pregap_mse_ce.pt,food101,convnext_tiny,student_m,pregap,mse_ce,distilled,student_m distilled,30,,,val_top1,highest validation Top-1,30,,30,,4.679357456389827,4.363424631366373,0.31593282156170704,6.3718371836834,20.23909057572424,4.22937198531903,3.9008160902407303,0.3285558898692871,11.366336631649006,31.379537944730753,1.848529907897317,1.5292242640368354,0.31930564351907176,60.55885588558856,84.06453978619298,2.0179770865928224,1.6787398085204681,0.3392372773976216,58.53465347138962,82.28382838283828,1.848529907897317,1.5292242640368354,0.31930564351907176,60.55885588558856,84.06453978619298,2.0179770865928224,1.6787398085204681,0.3392372773976216,58.53465347138962,82.28382838283828,1.7215830415758757,1.3829906189323653,0.33859242280402985,64.08712871287129,86.99009900990099,4.22937198531903,2.0142522499348856,3.9008160902407303,1.6753749992509093,0.3392372773976216,0.32503759052100356,58.53465347138962,11.366336631649006,82.58745874587459,31.379537944730753,0.0,2.211394898726208,2.83082754849251,0.014199686876618045,2.024202414198939,0.1694471786955054,0.019931633878549848,2.024202414198939,0.1694471786955054,0.019931633878549848,True,4.368629134204856,0.18492404107068428,,low,4.660066012643746
food101_convnext_tiny_student_s_postgap_mse.json,checkpoints/students/food101_convnext_tiny_student_s_postgap_mse.pt,food101,convnext_tiny,student_s,postgap,mse,distilled,student_s distilled,30,,,val_mse,lowest validation MSE for MSE-only distillation,26,,26,,0.04540902666351408,0.0,0.04540902666351408,0.0,0.0,0.046496168286985294,0.0,0.046496168286985294,0.0,0.0,0.036078620093632496,0.0,0.036078620093632496,0.0,0.0,0.03809551876075197,0.0,0.03809551876075197,0.0,0.0,0.03601497649141052,0.0,0.03601497649141052,0.0,0.0,0.03830068057077159,0.0,0.03830068057077159,0.0,0.0,0.037826380768624865,0.0,0.037826380768624865,0.0,0.0,0.046496168286985294,0.03809551876075197,0.0,0.0,0.046496168286985294,0.03809551876075197,0.0,0.0,0.0,0.0,0.0,0.0081954877162137,0.009394050172103562,0.00020516181001962314,0.0,0.002016898667119474,0.002016898667119474,0.0,0.0022857040793610728,0.0022857040793610728,False,0.5385457835817471,0.5385457835817471,,low,
food101_convnext_tiny_student_s_postgap_mse_ce.json,checkpoints/students/food101_convnext_tiny_student_s_postgap_mse_ce.pt,food101,convnext_tiny,student_s,postgap,mse_ce,distilled,student_s distilled,30,,,val_top1,highest validation Top-1,29,,29,,7.619450098526622,7.539895197893177,0.07955489763190207,2.8998899889639285,11.285661899453343,4.30844522674485,4.255195538297345,0.0532496903762959,6.23102310130305,21.069306921628442,3.06662335713005,3.0227324293924855,0.04389092995995211,29.735240190685737,56.2449578285567,2.759478512754535,2.7116746935828684,0.0478038227361421,35.617161711135715,62.64026402640264,3.0505297020638342,3.006694756127733,0.04383494426659232,29.953795379468012,56.428309497616425,2.7612626389623083,2.7134512369860913,0.04781140466236045,35.6039603910037,62.81188118811881,2.514531590933847,2.46666521028953,0.0478663824460294,39.7029702970297,68.18613861386139,4.3414604529767935,2.759478512754535,4.288854060692362,2.7116746935828684,0.0532496903762959,0.04777888346770809,35.617161711135715,6.23102310130305,62.81188118811881,21.069306921628442,0.013201320132012029,1.547182587782542,4.568920396462788,3.2521194652364305e-05,-5.881921520449978,-0.3071448443755149,0.003912892776189988,-5.650165011535691,-0.28926706310152595,0.003976460395768135,True,0.06806604150627366,0.06465447002130925,,low,0.03960396543194378
food101_convnext_tiny_student_s_pregap_mse.json,checkpoints/students/food101_convnext_tiny_student_s_pregap_mse.pt,food101,convnext_tiny,student_s,pregap,mse,distilled,student_s distilled,30,,,val_mse,lowest validation MSE for MSE-only distillation,29,,29,,0.2956464265671063,0.0,0.2956464265671063,0.0,0.0,0.3097145212090055,0.0,0.3097145212090055,0.0,0.0,0.2812054505412029,0.0,0.2812054505412029,0.0,0.0,0.2953991560337961,0.0,0.2953991560337961,0.0,0.0,0.2812550248477238,0.0,0.2812550248477238,0.0,0.0,0.2954289645999178,0.0,0.2954289645999178,0.0,0.0,0.2937056925556447,0.0,0.2937056925556447,0.0,0.0,0.3097145212090055,0.2953991560337961,0.0,0.0,0.3097145212090055,0.2953991560337961,0.0,0.0,0.0,0.0,0.0,0.014285556609087702,0.014391401719382524,2.980856612172511e-05,0.0,0.01419370549259319,0.01419370549259319,0.0,0.014173939752193998,0.014173939752193998,False,0.010090944917362853,0.010090944917362853,,low,
food101_convnext_tiny_student_s_pregap_mse_ce.json,checkpoints/students/food101_convnext_tiny_student_s_pregap_mse_ce.pt,food101,convnext_tiny,student_s,pregap,mse_ce,distilled,student_s distilled,30,,,val_top1,highest validation Top-1,29,,29,,4.722955745799139,4.406881033656446,0.31607471731935705,6.087275394206087,19.655298863219656,4.298750240653262,3.96917324516246,0.329576991580107,10.217821780919241,30.204620459024664,2.4786999152980536,2.1686019138857957,0.310098000550646,46.83828382824295,73.37293729316983,2.4145744877050417,2.086155021170972,0.32841946911497083,49.38613861990447,75.55115511551155,2.4714305995504717,2.1611754175346327,0.3102551820372591,46.80748074779503,73.53135313531354,2.415150258958143,2.0868806843926806,0.3282695737648325,49.38613861990447,75.64356435643565,2.136710960704501,1.8092594514742937,0.32745150735590717,54.015841584158416,80.37227722772278,4.298750240653262,2.4145744877050417,3.96917324516246,2.086155021170972,0.329576991580107,0.3236882202105947,49.38613861990447,10.217821780919241,75.64356435643565,30.204620459024664,0.0,1.8835999816951188,2.251525146248667,0.0045813535542378325,-2.5478547916615213,-0.06412542759301187,0.018321468564324817,-2.5786578721094386,-0.05628034059232867,0.01801439172757341,True,1.4153599878479235,0.02384566125556242,,low,13.8085808742007
food101_convnext_tiny_teacher.json,checkpoints/teachers/food101_convnext_tiny_classifier.pt,food101,convnext_tiny,,,,teacher,convnext_tiny,45,"1,2",30.5,val_top1,highest validation Top-1,12,2.0,42,2.0,2.558971311564318,,,48.65566556599711,75.80198019746025,1.6585047290702857,,,61.34653464238636,85.67656765676567,0.1849048775976553,,,94.87055372091979,99.35606894022736,1.0327514336210224,,,78.36303630363037,93.45214521452145,0.16753628230344628,,,95.42354235423542,99.37953795379538,1.0554526556605357,,,78.33663366336634,93.47854785478548,0.7175189262569541,,,82.92277227722772,96.28118811881188,1.6585047290702857,0.878803492345088,,,,,78.36303630363037,61.34653464238636,93.55775577557756,85.67656765676567,0.026402640264024058,0.60305207340975,2.391435029260872,,16.50751741728942,0.8478465560233671,,17.08690869086908,0.8879163733570894,,True,,20.101099375932062,train-val Top-1 gap 17.1 pp (overfitting) | val loss regressed 20% above its best,high,
food101_resnet50_student_l_postgap_mse.json,checkpoints/students/food101_resnet50_student_l_postgap_mse.pt,food101,resnet50,student_l,postgap,mse,distilled,student_l distilled,30,,,val_mse,lowest validation MSE for MSE-only distillation,30,,30,,0.09317460905425838,0.0,0.09317460905425838,0.0,0.0,0.09486968837358771,0.0,0.09486968837358771,0.0,0.0,0.0662168519159005,0.0,0.0662168519159005,0.0,0.0,0.07012165753754845,0.0,0.07012165753754845,0.0,0.0,0.0662168519159005,0.0,0.0662168519159005,0.0,0.0,0.07012165753754845,0.0,0.07012165753754845,0.0,0.0,0.06853882141160493,0.0,0.06853882141160493,0.0,0.0,0.09486968837358771,0.07012165753754845,0.0,0.0,0.09486968837358771,0.07012165753754845,0.0,0.0,0.0,0.0,0.0,0.024748030836039256,0.02695775713835788,0.0,0.0,0.0039048056216479526,0.0039048056216479526,0.0,0.0039048056216479526,0.0039048056216479526,False,0.0,0.0,,low,
food101_resnet50_student_l_postgap_mse_ce.json,checkpoints/students/food101_resnet50_student_l_postgap_mse_ce.pt,food101,resnet50,student_l,postgap,mse_ce,distilled,student_l distilled,30,,,val_top1,highest validation Top-1,30,,30,,8.296565916860851,8.113271790816752,0.18329412428699748,2.1283461679501285,8.576457645764576,4.569976291593545,4.425957353736702,0.14401894204097218,3.881188118811881,15.075907590507281,3.340320119861285,3.2368927643821053,0.10342735393704361,25.034103410341036,51.00696736326312,3.0990190419112102,2.9826759971171715,0.11634304884046612,28.871287125187738,56.52805280528053,3.340320119861285,3.2368927643821053,0.10342735393704361,25.034103410341036,51.00696736326312,3.0990190419112102,2.9826759971171715,0.11634304884046612,28.871287125187738,56.52805280528053,2.885526899432192,2.7712799300769766,0.11424697331390758,32.41188118811881,61.687128712871285,6.136222445170085,3.0990190419112102,5.994677004483667,2.9826759971171715,0.14401894204097218,0.11624345427692527,28.871287125187738,3.7755775577557755,56.69966997303978,14.059405940342264,0.0,1.470957249682335,4.956245796999566,9.959456354084739e-05,-3.8371837148467023,-0.24130107795007483,0.012915694903422509,-3.8371837148467023,-0.24130107795007483,0.012915694903422509,True,0.08567756710290504,0.0,,low,-35.788778881412924
food101_resnet50_student_l_pregap_mse.json,checkpoints/students/food101_resnet50_student_l_pregap_mse.pt,food101,resnet50,student_l,pregap,mse,distilled,student_l distilled,30,,,val_mse,lowest validation MSE for MSE-only distillation,30,,30,,0.9178562814480313,0.0,0.9178562814480313,0.0,0.0,0.954452385249311,0.0,0.954452385249311,0.0,0.0,0.7989474445924595,0.0,0.7989474445924595,0.0,0.0,0.8522326285138775,0.0,0.8522326285138775,0.0,0.0,0.7989474445924595,0.0,0.7989474445924595,0.0,0.0,0.8522326285138775,0.0,0.8522326285138775,0.0,0.0,0.8434193349734391,0.0,0.8434193349734391,0.0,0.0,0.954452385249311,0.8522326285138775,0.0,0.0,0.954452385249311,0.8522326285138775,0.0,0.0,0.0,0.0,0.0,0.10221975673543349,0.11890883685557185,0.0,0.0,0.05328518392141801,0.05328518392141801,0.0,0.05328518392141801,0.05328518392141801,False,0.0,0.0,,low,
food101_resnet50_student_l_pregap_mse_ce.json,checkpoints/students/food101_resnet50_student_l_pregap_mse_ce.pt,food101,resnet50,student_l,pregap,mse_ce,distilled,student_l distilled,30,,,val_top1,highest validation Top-1,30,,30,,5.876019871372157,4.832589058038469,1.0434308062554456,4.770077007630827,16.734873487348736,5.22402389847406,4.112114064748531,1.11190982832767,8.963696361579517,27.023102312245385,2.194048444646857,1.222500961581385,0.9715474836250169,67.56729006178003,88.88008800768179,2.6038835092424955,1.5546911937981942,1.0491923131565055,62.38943894993747,84.48844884488449,2.194048444646857,1.222500961581385,0.9715474836250169,67.56729006178003,88.88008800768179,2.6038835092424955,1.5546911937981942,1.0491923131565055,62.38943894993747,84.48844884488449,2.288996968349608,1.2483091361026952,1.0406878294000532,67.35049504950496,88.93465346534653,5.22402389847406,2.6038835092424955,4.112114064748531,1.5546911937981942,1.11190982832767,1.048837467624803,62.38943894993747,8.963696361579517,84.55445544554455,27.023102312245385,0.0,2.620140389231565,3.6819714267253,0.0003548455317026189,5.177851111842557,0.40983506459563834,0.07764482953148866,5.177851111842557,0.40983506459563834,0.07764482953148866,True,0.033832270743168816,0.0,,low,-2.270627056663187
food101_resnet50_student_m_postgap_mse.json,checkpoints/students/food101_resnet50_student_m_postgap_mse.pt,food101,resnet50,student_m,postgap,mse,distilled,student_m distilled,30,,,val_mse,lowest validation MSE for MSE-only distillation,29,,29,,0.09405748384500276,0.0,0.09405748384500276,0.0,0.0,0.09807401748675325,0.0,0.09807401748675325,0.0,0.0,0.07075835740769526,0.0,0.07075835740769526,0.0,0.0,0.07550816789318626,0.0,0.07550816789318626,0.0,0.0,0.07064036450643525,0.0,0.07064036450643525,0.0,0.0,0.07686873143065487,0.0,0.07686873143065487,0.0,0.0,0.07392118074634288,0.0,0.07392118074634288,0.0,0.0,0.09807401748675325,0.07550816789318626,0.0,0.0,0.09807401748675325,0.07550816789318626,0.0,0.0,0.0,0.0,0.0,0.02120528605609838,0.023417119338567507,0.0013605635374686065,0.0,0.004749810485491002,0.004749810485491002,0.0,0.006228366924219617,0.006228366924219617,False,1.8018759763755061,1.8018759763755061,,low,
food101_resnet50_student_m_postgap_mse_ce.json,checkpoints/students/food101_resnet50_student_m_postgap_mse_ce.pt,food101,resnet50,student_m,postgap,mse_ce,distilled,student_m distilled,30,,,val_top1,highest validation Top-1,29,,29,,8.522447017485028,8.348196526420042,0.1742504906480593,2.4525119178584527,9.823248991565823,4.4657093236942105,4.322455482042269,0.14325384227552823,6.283828381327512,19.458745871565917,3.2325906420401003,3.1290533487972514,0.10353729265182937,27.43527686087955,54.236890355702236,2.951170409772262,2.834647470779545,0.11652293115460834,32.39603959388859,59.960396039603964,3.1993215056063713,3.096240977013465,0.10308052849924779,27.752108544187752,54.40117345039863,2.9452383455270192,2.8289427093310717,0.11629564189281401,32.14521451138034,60.26402640264026,2.739023462767648,2.6245864609255647,0.11443699916872647,35.72673267326733,64.82376237623762,15.781872086225956,2.9452383455270192,15.635561614335566,2.8289427093310717,0.14631043831507365,0.11604398216056351,32.39603959388859,1.834983498349835,60.26402640264026,8.541254125412541,0.25082508250824986,1.5204709781671912,5.323125511878657,0.00025165973225049765,-4.960762733009037,-0.2814202322678381,0.012985638502778965,-4.393105967192586,-0.25408316007935206,0.013215113393566222,True,0.2168658189463804,0.0,,low,-21.478547864857283
food101_resnet50_student_m_pregap_mse.json,checkpoints/students/food101_resnet50_student_m_pregap_mse.pt,food101,resnet50,student_m,pregap,mse,distilled,student_m distilled,30,,,val_mse,lowest validation MSE for MSE-only distillation,30,,30,,0.9353955504419518,0.0,0.9353955504419518,0.0,0.0,0.9878379028307722,0.0,0.9878379028307722,0.0,0.0,0.8647647598351932,0.0,0.8647647598351932,0.0,0.0,0.9244843645536467,0.0,0.9244843645536467,0.0,0.0,0.8647647598351932,0.0,0.8647647598351932,0.0,0.0,0.9244843645536467,0.0,0.9244843645536467,0.0,0.0,0.9155853447678065,0.0,0.9155853447678065,0.0,0.0,0.9878379028307722,0.9244843645536467,0.0,0.0,0.9878379028307722,0.9244843645536467,0.0,0.0,0.0,0.0,0.0,0.06335353827712553,0.07063079060675859,0.0,0.0,0.0597196047184535,0.0597196047184535,0.0,0.0597196047184535,0.0597196047184535,False,0.0,0.0,,low,
food101_resnet50_student_m_pregap_mse_ce.json,checkpoints/students/food101_resnet50_student_m_pregap_mse_ce.pt,food101,resnet50,student_m,pregap,mse_ce,distilled,student_m distilled,30,,,val_top1,highest validation Top-1,30,,30,,5.731684712408924,4.693150619105363,1.0385340832597307,5.449211587825449,18.295562889482408,5.102315881181472,3.991896839393641,1.1104190509940925,9.610561055350225,28.990099009145606,2.574033487387791,1.5948692528878894,0.9791642367809213,59.10377704381156,83.22112211165168,2.773338785753785,1.7147840988301601,1.0585546897661569,57.900990087930914,81.9009900990099,2.574033487387791,1.5948692528878894,0.9791642367809213,59.10377704381156,83.22112211165168,2.773338785753785,1.7147840988301601,1.0585546897661569,57.900990087930914,81.9009900990099,2.4867082300375003,1.4365690573465706,1.0501391678139715,63.08910891089109,86.28514851485149,5.102315881181472,2.773338785753785,3.991896839393641,1.7147840988301601,1.1104190509940925,1.057932378104811,57.900990087930914,9.610561055350225,81.9009900990099,28.990099009145606,0.0,2.3289770954276867,3.1576512250211333,0.0006223116613457425,1.2027869558806472,0.19930529836599398,0.0793904529852355,1.2027869558806472,0.19930529836599398,0.0793904529852355,True,0.05882338741352795,0.0,,low,4.026402629185043
food101_resnet50_student_s_postgap_mse.json,checkpoints/students/food101_resnet50_student_s_postgap_mse.pt,food101,resnet50,student_s,postgap,mse,distilled,student_s distilled,30,,,val_mse,lowest validation MSE for MSE-only distillation,28,,28,,0.09419443861453315,0.0,0.09419443861453315,0.0,0.0,0.09848404253178304,0.0,0.09848404253178304,0.0,0.0,0.07530462634860705,0.0,0.07530462634860705,0.0,0.0,0.08101652441146744,0.0,0.08101652441146744,0.0,0.0,0.07521019299945247,0.0,0.07521019299945247,0.0,0.0,0.08136054858516152,0.0,0.08136054858516152,0.0,0.0,0.07935404274015144,0.0,0.07935404274015144,0.0,0.0,0.09848404253178304,0.08101652441146744,0.0,0.0,0.09848404253178304,0.08101652441146744,0.0,0.0,0.0,0.0,0.0,0.01712349394662152,0.018984245615080678,0.0003440241736940852,0.0,0.0057118980628603905,0.0057118980628603905,0.0,0.006150355585709047,0.006150355585709047,False,0.4246345744811913,0.4246345744811913,,low,
food101_resnet50_student_s_postgap_mse_ce.json,checkpoints/students/food101_resnet50_student_s_postgap_mse_ce.pt,food101,resnet50,student_s,postgap,mse_ce,distilled,student_s distilled,30,,,val_top1,highest validation Top-1,30,,30,,8.53959333160311,8.381648200146655,0.15794513100237037,2.418775210854419,9.535753575287593,5.525805348563115,5.3815884405079455,0.1442169097095433,5.1749174917491745,17.24092409039488,3.221810107176934,3.119469683713252,0.10234042546263447,27.38393839355961,53.691235789965916,3.224697383307781,3.108296184602744,0.11640119823685574,32.382838273756576,58.402640252947414,3.221810107176934,3.119469683713252,0.10234042546263447,27.38393839355961,53.691235789965916,3.224697383307781,3.108296184602744,0.11640119823685574,32.382838273756576,58.402640252947414,2.8996103894450878,2.7856675728524087,0.11394281724301895,35.48910891089109,64.68514851485149,14.597396305449331,3.1618553777417726,14.461801424057963,3.04592896909997,0.1442169097095433,0.1159264028632995,32.382838273756576,1.1353135313531353,58.6138613921817,9.940594057895169,0.0,2.3011079652553343,5.317783224426176,0.0004747953735562416,-4.998899880196966,0.0028872761308469386,0.01406077277422127,-4.998899880196966,0.0028872761308469386,0.01406077277422127,True,0.40956620910261543,1.987504109403345,,low,-3.194719471947195
food101_resnet50_student_s_pregap_mse.json,checkpoints/students/food101_resnet50_student_s_pregap_mse.pt,food101,resnet50,student_s,pregap,mse,distilled,student_s distilled,30,,,val_mse,lowest validation MSE for MSE-only distillation,29,,29,,0.9491306107928126,0.0,0.9491306107928126,0.0,0.0,1.0151090125439584,0.0,1.0151090125439584,0.0,0.0,0.9069609322423764,0.0,0.9069609322423764,0.0,0.0,0.9734754034473557,0.0,0.9734754034473557,0.0,0.0,0.906410974043387,0.0,0.906410974043387,0.0,0.0,0.9735218527765558,0.0,0.9735218527765558,0.0,0.0,0.9647033031199238,0.0,0.9647033031199238,0.0,0.0,1.0151090125439584,0.9734754034473557,0.0,0.0,1.0151090125439584,0.9734754034473557,0.0,0.0,0.0,0.0,0.0,0.04158715976740257,0.04271963674942558,4.644932920006006e-05,0.0,0.06651447120497933,0.06651447120497933,0.0,0.06711087873316879,0.06711087873316879,False,0.00477149489710471,0.00477149489710471,,low,
food101_resnet50_student_s_pregap_mse_ce.json,checkpoints/students/food101_resnet50_student_s_pregap_mse_ce.pt,food101,resnet50,student_s,pregap,mse_ce,distilled,student_s distilled,30,,,val_top1,highest validation Top-1,29,,29,,5.6814098246874805,4.650971008898096,1.0304388139691159,5.468280161349468,18.123945727906126,5.190601135795266,4.079894621128297,1.1107065217172352,8.646864684957876,25.80858084902118,3.2295610484020765,2.252457878016971,0.9771031687624252,45.09570957067732,71.8723872384441,3.2349780956274605,2.178846806803159,1.0561312931048201,47.65676567656766,73.54455445544555,3.228013925905581,2.2514787283178035,0.9765351992384348,44.951961862852954,71.85331866492008,3.2379584221320576,2.1814317287903022,1.056526690158907,47.64356435643565,73.57095709570957,2.947399633502016,1.8997430666555273,1.0476565662799495,52.154455445544556,78.74851485148515,5.21979348903442,3.2349780956274605,4.114971218644196,2.178846806803159,1.1107065217172352,1.0561312931048201,47.65676567656766,8.646864684957876,73.57095709570957,25.80858084902118,0.013201320132012029,1.952642713663208,2.4533958987818996,0.00039539705408686565,-2.561056105890337,0.005417047225384053,0.07902812434239492,-2.6916024935826925,0.009944496226476751,0.0799914909204722,True,0.03743824812959338,0.09212818190718078,,low,12.079207930863888
food101_resnet50_teacher.json,checkpoints/teachers/food101_resnet50_classifier.pt,food101,resnet50,,,,teacher,resnet50,45,"1,2",30.5,val_top1,highest validation Top-1,14,2.0,44,2.0,2.5024882069969947,,,44.40924092353286,69.98899889988999,1.766753309603178,,,57.17491748067019,81.05610561660414,0.142532429819497,,,96.01320131901292,99.61422808947562,1.2588296347202443,,,74.50825082508251,91.36633663366337,0.13557348859410692,,,96.22735606838069,99.64796479536056,1.2480872594351227,,,74.48184818481849,91.48514851485149,0.8942546735706896,,,79.3980198019802,94.63762376237624,1.766753309603178,1.1461226389333359,,,,,74.50825082508251,57.17491748067019,91.48514851485149,81.05610561660414,0.026402640264024058,0.5186660501680553,2.366914718402888,,21.50495049393041,1.1162972049007474,,21.745507883562198,1.1125137708410158,,True,,8.896484288686802,train-val Top-1 gap 21.7 pp (overfitting),medium,
food101_student_l_baseline.json,checkpoints/students/food101_student_l_baseline.pt,food101,,student_l,,ce,baseline,student_l baseline,30,,,val_top1,highest validation Top-1,29,,29,,4.163721853968946,,,7.323799046571324,22.850018335096905,3.751743785650423,,,13.900990102031443,35.31353135514968,1.082305602707354,,,72.04987165271297,90.85588558799931,1.4161910055071214,,,64.66006600660066,86.04620462046205,1.076836805192376,,,72.14081408028905,91.03043637585193,1.4185544688257055,,,64.62046204620462,86.12541254125412,1.1226521587607885,,,70.23366336633663,90.38811881188118,3.751743785650423,1.4161910055071214,,,,,64.66006600660066,13.900990102031443,86.12541254125412,35.31353135514968,0.039603960396036086,2.3331893168247175,3.08688504877657,,7.389805646112308,0.3338854027997673,,7.520352034084425,0.34171766363332945,,True,,0.16688873954101477,,low,0.0
food101_student_m_baseline.json,checkpoints/students/food101_student_m_baseline.pt,food101,,student_m,,ce,baseline,student_m baseline,30,,,val_top1,highest validation Top-1,30,,30,,4.188042053912295,,,6.973230656364001,22.055005500550056,4.007651586564068,,,10.099009900486509,27.94719471821297,1.97442035960067,,,51.540887421516,77.40374037347786,1.8939308876094252,,,53.87458745874587,78.78547854785478,1.97442035960067,,,51.540887421516,77.40374037347786,1.8939308876094252,,,53.87458745874587,78.78547854785478,1.6349090539441251,,,58.716831683168316,83.2950495049505,4.007651586564068,1.891987801902365,,,,,53.87458745874587,10.099009900486509,78.78547854785478,27.94719471821297,0.0,2.1137206989546424,2.2136216943116254,,-2.3337000372298746,-0.08048947199124479,,-2.3337000372298746,-0.08048947199124479,,True,,0.10270075235719811,,low,0.0
food101_student_s_baseline.json,checkpoints/students/food101_student_s_baseline.pt,food101,,student_s,,ce,baseline,student_s baseline,30,,,val_top1,highest validation Top-1,28,,28,,4.309034374161522,,,5.499083241622528,18.1987532086542,4.183848413964703,,,7.2739273919838885,23.194719470436425,2.8717042413542986,,,32.240557389072244,59.64503116978364,2.735373340833305,,,35.57755774570377,62.521452151257606,2.8680813230487248,,,32.39897323051651,59.89585625229189,2.728538006540179,,,35.4191419151986,63.023102310231025,2.4997129685241397,,,39.687128712871285,68.1069306930693,4.183848413964703,2.728538006540179,,,,,35.57755774570377,7.2739273919838885,63.023102310231025,23.194719470436425,0.15841583050517016,1.4553104074245238,1.440953051112797,,-3.3370003566315276,-0.1363309005209934,,-3.0201686846820905,-0.1395433165085458,,True,,0.0,,low,0.0
